{
  "days": {
    "1": {"title": "اليوم الأول", "content": "أدبني ربي\n\nطرق تربية القرآن للعبد\n\nآيات استوقفتني؟\nالقرآن شطران: أخبار وأحكام\nالأحكام — التزام بها\nالحكم إلزام، ليس لك خيار فيه\nكيف تصل للالتزام بالحكم؟\nتأتي الأخبار لتربية العبد حتى يصل إلى مرتبة الالتزام بالأحكام\n\nلما تبحث في الأخبار؟ هناك أكثر من طريقة لتربية القرآن\n— من أسهل الطرق للتربية: بالمثل السيء والحسن / ضرب المثل\n\nبداية من سورة الفاتحة:\n١- لك رب يدبر لك أمورك\n٢- رب الكون رحمن رحيم\n٣- لك غاية من الوجود (إياك نعبد) // أمور تربوية\n٤- لن تستطيع بلوغ أي شيء دون الاستعانة\n٥- أقصى غاية هي الصراط المستقيم\n٦- الناس على فريقين: فريق بني إسرائيل في سورة البقرة\n— من أول (أفطمعون) (معاصرة اليهود للنبي)\nموافقة ومخالفة اليهود\n\nكل هذه النعم التي جرت على بني إسرائيل أنت فيها\n(حتى نرى الله جهرة) (التوبة) (المن والسلوى)\nكل هذا التفصيل للتربية وتغيير السلوك\n\nالحكم - اذكروا نعمتي /// ١٠ نعم عدهم\nيذكر الله ردة الفعل في مقابل النعمة مع بني إسرائيل\nمثال سيء، انظر كيف فعلوا واعتبر\n\nلا يعلمون الكتاب إلا أماني: تلاوة\nلا يصح أن يكون هذا حالك\n\nطرق متعددة في التربية:\n- العقوبة\nموقفهم من الكتب ثم الرسل\nلما يتعارض قول الرسول مع هواك\nأمن العقوبة // الترهيب من العاقبة في الآخرة\n\nإكثار الكلام عن الصنف السيء\nثم سيدنا إبراهيم وما يليه هو الصنف الحسن\nالمثال الجيد: احتذِ بهذا واترك ذاك\n\nطرق التربية:\n- الذم والمدح\n\nبداية أصناف البشر ثلاثة (آل عمران والنساء والمائدة)\nتربية نفسك على مخالفة الصنف السيء وموافقة الصنف الحسن\n\nإلا على الخاشعين؟؟؟\nوصف الخاشعين (ملاقوا ربهم):\n١- تقف أمام الله\n٢- يوم القيامة\n\nطرق التربية:\n- الحقائق المذكورة عن الله سبحانه\n- التربية الداخلية (التزكية)\n\n*** نسمع بأذن المتلقي من المربي ***"},
    "2": {"title": "اليوم الثاني", "content": "أول سورة نزلت في المدينة\nارتباط اليوم بالأمس \nبني اسرائيل مثال على الطائفة السيئة لا تتبعها \nاليوم حدث تحويل القبلة، ولكل وجهة هو موليها \nالمسلمين عليهم أن يتركوا توجههم لغير الله، الاتحاد في التوجه\n\nالربعين قبله مرتبطين بهذا الربع\n\nمما ذمه الله في أهل الكتاب : نبذ فريق من الذين أوتوا الكتاب.. كأنهم لا يعلمون \n\nبداية الربع تربية: لكل وجهة، كل فريق له وجهة \nإختلفنا؟ الله يحكم بيننا \n\nالربع التالي، عن القبلة \nكانت بيت المقدس؟ كانت الكعبة \nنعبد إلهك وإله آباءك،، مسلمين \nكان التحويل لمعنى أن الإسلام مكمل لأهل الكتاب \n\nالقبلة - أهل الكتاب \nالسعي - المشركين\n\nالربع الثالث: ليس البر أن تولوا وجوهكم .... فيما خص أهل الكتاب\n\nالبر ضد البحر،، البر بها أربعة جذور \nثم استبط الناس منه التوسع \nثم تحدث به عن أهل الخير والتوسع — أبرار \n\nالقصة في طاعة الله ليست القضية المكان ذاته \nالمعنى التربوي :: أنت مستسلم لله سبحانه، لا جدال \n\nالتربية الأولى استسلام \nالتربية الثانية، الدين ليس اختيارًا ولا فلسفة\nالدين من الوحي لا مصادر أخرى \nبخلاف هذا تخاريف أودت ببني إسرائيل إلى الهلكة \n\nربع قادم: \nالدخول في السلم كافة (أمر) \n\nربع قادم:\nوما اختلفوا فيه ... \nالمخالف يعلم أنه يخالف\n\nإذن \nالدين ابتداء إيمانيات \nثم إنسانيات \nوعبادات\n\nفرق بين العبادات (صوم، صلاة، زكاة ) \nالعبادة أوسع من ذلك \n\nالموفون بعهدهم:\nكل أمر عليك الإجابة \nالعهد بما تذكرك — وأوفوا بعهدي \n\nالصيام:\nكأن الله لما أمرنا بالصيام وتمثلنا فأنا أوفي لكم بعهدي \n(ادعوني أستجب لكم) \n\nالبر : تتمثل لأمر الله \nأو خطاب للمؤمنين : بمجرد أن تحولت القبلة، نصر على المشركين، الحمية في الدين\n\nمش معنى أن القبلة تحولت، تكتفي بهذا وتمكث\nلا:: البر ليس فقط هذا أن تكتفي بحالك ولو كان جيدًا، الدين أوسع من هذا، أن تفعل دقيق العبادات\nكالقصاص، الوصية، الحج، القتال في سبيل الله، كلها عبادات \n\nفي حياتك كلها، في كل نفس في كل حالك، عبادة\n\nالله يربينا أن العبادة لا تقتصر على توجه معين.\n\nالربع الرابع: ليس البر ... فيما خص المشركين \n\nكان الأصل التوجه للكعبة حتى كتم أهل العلم البينات \n\nلم يتخذ الناس رؤوسًا جهالًا، لانقباض أهل العلم \n\nلازم يكون فيه منهج دين"},
    "3": {"title": "اليوم الثالث", "content": "انتهاء سورة البقرة\n\nأيسر طريق لفهم كلام الله\nتصور الواقع الذي نزلت فيه الآيات\n\nأمر آخر، أربعة أرباع في البقرة\n\nوهم ألوف\nما القصة؟\nبعد تحويل القبلة، استلم الأحكام ولا تفعل مثل بني إسرائيل\n\nفريقان\nما أنزل على موسى = ما أنزل على محمد صلى الله عليه وسلم\n\nضرب المثل في مسألة القتال\nأول مرة يُلقى على أهل المدينة (كم من فئة قليلة)، تربية جديدة للمؤمنين\n\nختام هذا الربع\nقتل جالوت، الدين\n\nتلك الرسل\nسنة الرسل\n\nأي صراع على مستوى العالم يأذن به الله، حتى لو كان بين غير المؤمنين بعضهم في بعض\n\nما دورك؟\nكم مرة ذُكرت النفقة؟\n- تخويف (ندم)\n- ترغيب (سنبلة)\n\nكأن النفقات في آخر ٣ أرباع:\n- نفقة على الجيوش\n- جبهة داخلية، نفقة على الفقراء (لا من ولا أذى)\n- أكمل بحث $$$$\n\nتربية على النفقة\nمعنى الغني الحميد\n\nآية الكرسي في نفس السياق (إدارة شئون الكون)\n\nسنة:: النعاس قبل النوم\n\nالقيوم؛ قائم على كل هذا (الكون)\n\nأمثلة:\nسيدنا إبراهيم؛ الإحياء والإماتة بيد الله\n\nلأنفسكم، فإن الله به عليم\n\nالربا، عكس الإنفاق\nالبخيل؛ اليهود؛؛ أنفق ولا تكن مثلهم\n\nالوعيد الشديد لصاحب الربا\n\nختام هذا الكلام:\nنسينا أو أخطأنا\nغير الداء\nابحث بنفسك عن الفقير\n\nفي الأقدار\nالصراع الحتمي بين المسلمين وغيرهم\nانصرنا على الكافرين (تجهز)\n\nآل عمران\nالطائفة الثانية\nكم من فئة\nشبهات النصارى\nأهمية العقائد، خطورة التمييع في هذا المحور"},
    "4": {"title": "اليوم الرابع", "content": "آل عمران\n\nكل نفس ذائقة الموت... متاع الغرور\nكفيلة أن تنزع أي تعلق لقلب الإنسان بالدنيا\nالنظرة التي أراد الله منا أن ننظرها للدنيا (تربية)\n\nشطرين (آل عمران)\n١- ضلال أهل الكتاب من النصارى (تُدحض شبهات أهل الكتاب)\n٢- غزوة أحد (كسرة المسلمين بعد جملة انتصارات)\n\nتناول الآيات لأحداث الغزوة من بابين:\n١- تعليم الإنسان الأقدار\n٢- تعليم المسلمين معنى الحكمة\n\nكيف يأذن الله بهزيمة المسلمين؟\nوجدنا في الدنيا للاختبار لا للانتصار (ليس حصرًا)\n\n**مس القوم قرح مثله**\nكيف نسب الفعل؟ الله يدير هذه الغزوات من فوق سبع سماوات\n\nنداولها؛ يوم لك ويوم عليك (ما الحكمة؟)\n١- ليعلم الله الذين آمنوا\n٢- الشهداء (كيف تأتي الشهادة؟ أعلى مراتب الناس بعد النبيين...)\n٣- النصرة ليست ملازمة للحب، حتى لو انتصر الكافرون لا يعني أن الله يحبهم، التمحيص، بالنسبة للصادقين، إزالة الشوائب\n٤- يمحق الكافرين، كيف يقل الكفار دون قتال؟\n**صمود أهل غزة نموذجًا**\n\nانتصار دائمًا؟ الإنسان يحب الفريق الغالب؟ كيف تعرف الصادق الوفي من الكاذب؟ دليل الصدق\n\nوصف حال المعركة:\nتحثونهم، تقتلونهم\nحتى إذا فشلتم.. منكم لا من الله\nصرفكم؛ هروب (حكمة)\n\nصيغة الخطاب في السورة، تلطف وعفو بخلاف سورة التوبة في البدايات\n\nتصعدون، بداية التحرك للسفر، وصف حال الفارّين من القتال\nوصف تفصيلي دقيق (لا تلوون على أحد) لا تنظر إلا للوجهة أمامك، حتى أنه لا ينظر للرسول\n\nغمًا بغم، قولان:\n١- أصابكم غم الهزيمة والقرح والقتل + إشاعة موت رسول الله (أذن الله بإشاعة ابن قمئة حتى يهون عليهم مصابهم في الدنيا والغنائم)\n٢- السعدي؛؛ غمًا بعد غم، فقدان الغنائم، هجوم خالد... قدر الله عليكم هذا حتى إذا أصابكم شيء آخر كانت كأنها دربة لكم.\n\nالتربية بالأخبار\nالتربية بالأقدار هي الأرسخ في النفس\nتمر وتعيش مواقف تحفر في نفسك التربية\n\nالحكمة الأخيرة:\nما في صدوركم ويمحص ما في قلوبكم\nحتى يميز الخبيث من الطيب\nسلوك البشر عند البلاء؟ من يثبت ومن يسقط\nالتمحيص، لن تعرف علم الغيب (الاختبار)\n\nآمنوا بالله ورسله\nأجر عظيم"},
    "5": {"title": "اليوم الخامس", "content": "سورة النساء\n\nسورة اجتماعية (أكثر ما تجد فيها عن نماذج داخل المجتمع المدني، تختلف عن البقرة وآل عمران)\n\nهناك حالة جديدة بعد غزوة أحد (أرامل، أيتام، مواريث)\n\nأول ٣ أرباع؛ عن الحالة الطارئة بعد مقتل ٧٠ من الصحابة، في السنة الثالثة\n\nمن السور التي فيها وفرة في ذكر أسباب النزول:\n- يزكون أنفسهم\n- جبت والطاغوت\n\nمواقف عديدة يأخذها القرآن نماذج للتربية\n\n((مشروع أسباب التخلف عن طاعة الله من خلال سورة التوبة))\n((مشروع أنماط الناس في سورة النساء ومعاصريهم))\n\nفي داخل المدينة:\n- اليهود\n- النصارى\n- المنافقون\n- ضعاف الإيمان (يبطئون)\n- مؤمنون مجاهدون خلص\n\n$$$ اسمع تاني وعدد الأنماط/ أشخاص\n\nمن جملة هذه الأنماط:\nطائفة حدث منهم سرقة (منافقون) بني قبيلق\nبشر وبشير ومبشر أولاد طعمة بن أمية\n\nسرقوا درعًا من أحد المسلمين بلا بيّنة\nأرسلوا قومهم ليدفعوا الشبهة\nذهب ابن أخي المسروق يشتكي بلا بيّنة\nاتهام بلا بيّنة (نزلت) \"الكتاب بالحق ... بما أراك الله... يستخفون من الناس\"\nنموذج للخائن (بني قبيلق)\n\nمن طرق التربية؛ يكلمك الله بحقيقة عن نفسه، يرتبط المعنى بالفاعل:\nتختانون:: تحديث النفس بالخيانة\nمن يحدث نفسه بالخيانة\n\nجادلتم عنهم؛ ومن يعمل سوءًا؛ يستغفر الله؛ يكسب إثمًا، على نفسه\nثم يرم به بريئًا، كما حدث مع بني قبيلق\nما يضلون إلا أنفسهم\n\nلما فضح الله طعمة، ذهب لمكة وحدثت له أحداث، أخرها وقوع سور عليه\n\nركز مع كل نموذج في النزاعات\n\n٣ مرات \"لله ما في السماوات ....\"\n\nيغن الله كل من سعته\n\nكونوا قوامين بالقسط\n\nلا تتبعوا الهوى أن تعدلوا:\n- عليكم أن تعدلوا (إلزام)\n- فيجعلكم الهوى تعدلون عن الحق\n\nربع كامل عن المنافقين\n\nسورة النساء، عن المجتمع بكل أطيافه وتربي كل طائفة بطريقة القرآن\n\nمواضيع وأطياف وأنماط مختلفة، امشِ مع السياق"},
    "6": {"title": "اليوم السادس", "content": "نهاية النساء\nوبداية المائدة\n\nالمائدة؛ سورة العقود ؛ افتتاحها أوفوا بالعقود\nالعقد: من عقد الحبل بالحبل لألى ينفصلا\nعقد بين الإنسان وأخيه؛ الزام \nتوثيق؛ تأكيد عقدة العقد لا تنحل\n\nافتتاح أوفوا بالعقود\n⁃ بينك وبين الله\n⁃ بينك وبين البشر\nاستشعار المسؤلية بينك وبين الله \nبنود والزامات العقد بينك وبين الله \n\nاذكروا نعمة الله.. ميثاقه.. العقد (سمعنا وأطعنا) \nنعمة الهداية والقرآن\n\nاذكر حال الأمم السابقة، ما فعلوا بعهد الله\n\nأول الربع الثاني؛ ميثاق \nأقمتم الصلاة وآتيتم الزكاة ....\nنقضهم ميثاقهم .. لعناهم (خطورة الأمر) \n\nاوخر الآيات؛ ينفع الصادقين... لله ملك السموات ..\nالعقد بينك وبين الله(لا تستهن بهذا العقد) \n\nنصاري، أخذنا ميثاقيهم، أغرينا بينهم العدواة (غراء اللصق) \nهذه العدواة ملتصقة بهم \n\nالعقد تم في المائدة (أكملت لكم دينكم) من أواخر ما نزل) \n\nكام مرة ذكر الله نقضهم للعقد\n⁃ الارض المقدسة : قومًا جبارين \n⁃ ولم تؤمن قلوبهم، يحرفون الكلم من، نحن أبناء الله\n⁃ قصة الزنا ورجم الزاني (من بعد مواضعه) (اختيار العقوبة) \nأهمية مسألة العقد \nاللعب في العقود، كيف نحن لم نحترم العقد بيننا وبين الله؟\n\n*** لا تتخذوا اليهود والنصارى أولياء \n(ارتدوا على أدبارهم) \nهل هاترجع لو سمعت آيات مش على مزاجك. \n\n(عن مواضعه/ من بعد مواضعه) ما الفارق ؟\n\n(قالوا خيرًا) في سورة يونس، لم نصبت خيرًا؟ \n\nأذلة ليست من الإهانة بس اللين \nلا يخافون في الله لومة.. في ما يرضي الله\nتعلقك بالله أكبر بكثير من لوم الناس \n\nالسعدي؛ العبد لا يسلم له عبودية لله حتى يسلم قلبه من التأثر بقول الناس\n\nمن الحاجات التي تؤدي للاستهانة!!! \nوأرسلنا إليهم رسلًا.. ألا تكون \nفتنة: حسبوا أن الله لن يعاقبهم في الدنيا ولا في الأخرة \n\nعموا عن رؤية الهدى وصموا عن سماع كلام الله\n\nتاب عليهم؛ ببعثة النبي \n\nثم عموا وصموا كثير منهم\n\nقل(بلاغ أمر من الله) لستم على شئ\nحتى تقيموا(بدون تنفيذ أوامر الله) \nما أنزل إليك طغيانًا وكفرًا (اهل الهوى) \n\nالالتزام بالعقود؛ سمعنا وأطعنا"},
    "7": {"title": "اليوم السابع", "content": "انتهت المائدة\nبذأت الأنعام \nطبيعة جديدة في الأنعام\nأول سورة مكية من بعد الفاتحة\nليه مكية ولا مدنية ؟ القرآن يتكلم عن واقع معيش، أشخاص معينة يعيشون أوقات تنزل \n\nالمائدة: محورها>> أخذ الله على البشر العهد والميثاق، وضرب الله مثل من الذين سبقونا، أخذ عليهم عهد ونقضوه \nثم في التفصيل، كل تفصيلة وقع فيها اهل الكتاب\n\nواقع سورة الأنعام مختلف؛؛ انحراف لكن مختلف، مين السبب في مكة؟ أول من حرف عقيدة في الاسلام: عمرو بن لحي\n\nملة أهل مكة قبل بن لحي من ابراهيم: مسلمين \n\nمقارنة بين حال أولئك وهؤلاء: الانحراف في العقيدة\nأول من دعى لهبل، عمرو بن لحي \nبداية فكر الشرك؛اعتقاد أن هناك أحد مع الله، ثم وحده\n\nارتباط بالمائدة؛ أول بند في العقد\n⁃ لا رب إلا الله \nمجرد ما تشرك بالله فقد نقضت هذا العقد \n\nسوى أهل الكتاب عيسى بالله = سوى عمرو بن لحي الأصنام بالله\n\nاعتقاد شركي: مع الله أحد \n\n***أعلى مظهر من مظاهر الشركيات عند هؤلاء؛ الدعاء \n\nبل اياه تدعون، في أكثر من مكان \n\nمن دعا أي مخلوق معتقد في أنه ينفع أو يضر \n\nالخطاب في سورة الأنعام تهديدي\n(ختم الله على سمعكم) \n\nإذا تعلق قلبك أن بيد أي مخلوق نفع أو ضر : شرك \n\nقضية سورة الأنعام النفع والضر بيد من؟ \n\nقل أندعوا من دون الله ما لا ينفعنا؟ \n\nفي ٤ اربع، صلاحيات النفع والضر لم يعطها الله أحدًا \n\n(إني أخاف إن عصيت ربي.... الرسول) \n(فلا كاشف له إلا هو...عقيدة) (أي مصاب) \n\nعقيدة سورة الأنعام\n(ونرد على أعقابنا(هدى الله هو الهدى))(أمرنا لنسلم لرب العالمين) \n\nلماذا نتعبد الله؟ بيده النفع والضر \n\nالناس بعد الانحراف؟ \nإن الله فالق الحب والنوى \nاسمع عن الله عز وجل \nحب وخضوع وانكسار وذل لله عز وجل\n\nأحلوا بعض الحرام؟ منطقي \nحرم حلال؟ شهوة الاتباع، انشاء الطرق \nتأليف في التحريم، خلي بالك من اللي بيألف دين \n\nومن أظلم ممن افترى .... تقطع بينكم \nغمرات الموت (خطاب تهديدي) \nخطاب قوي \nالقاهر ذكر مرتين فقط وفي الأنعام فقط"},
    "8": {"title": "اليوم الثامن", "content": "سورة الأعراف\n\nأن يأتيهم بأسنا ... مكر الله ... أن لو نشاء أصبناهم بذنوبهم \n\nاختيار هذا التعبير(يرثون الأرض من بعد أهلها)؟ \n\nفي سورة المائدة \nمتال، أهل الكتاب، نقضوا عهدهم \nأتباع عيسى، نقضوا \nثم أتباع ملة إبراهيم في مكة، كانوا مسلمين، نقضوا عهدهم \n\nفي الأعراف: ليس مختصًا بهؤلاء فقط بل هي سنة مطردة \n\nيرسل الله رسولًا، من يؤمن ومن يشرك، يهلك الله المشركين \n(لنراك في ضلال مبين) \n\nخلفاء من بعد قوم نوح، (كانوا مسلمين تذكير لهم) مع ذلك نقضوا العهد\n\nقوم يرثوا قوم .... وهكذا \nأول من سمعوا هذا الكلام؟ مشركو قريش، فهل أنتم آمنون أن يحدث فيكم هذا أو هذا؟ \n\nتلك القرى نقص عليك. إسقاط على حال المشركين \n\n*البدايات\nاتبعوا \n\nلابد أن تعلم كل آية فيم نزلت \n\nالكلام عن إبليس للمرة الثانية \n\nليريهما سوءاتهما، فواحش، وجدنا آباءنا \n\nفاحشة: الطواف بالكعبة عريانًا (لا نطوف البيت بثياب عصينا الله بها) \nاربط بين هذا، وينزع عنهما لباسهما \n\nلما تدخل دماغك في الوحي>>> بدع \n\nشوف دور الشيطان في هذا الباب كيف ذكره الله \n\n(أولياء: شياطين الإنس والجن)\nالدليل؛ آخر ربع: أتقولون على الله ما لا تعلمون.. اتخذوا الشياطين أولياء .. يحسبون أنهم مهتدون) \n\nاربط بين اللي فات وآخر آية في الربع \n\nتصحيح المسار، قصة صالح \n(لا نحب الناصحين) \n\nقصة سيدنا موسى، بالأخص، المشركين، بعد النجاة يخصنا نحن \n\nفكرة العجل هي فكرة أصنام قريش، هي فكرة ودا وسواعا ويغوث، هي فكرة التعلق بالملائكة = اعتقاد أن فيه منافع مع الله \n\nأخص خصائص الانحراف - الدعاء\n\nآخر آيات \nأتيناه آياتنا، انسلخ منها فأتبعه الشيطان \n\nإخلاص التوحيد لله \n\nنهاية الأعراف \nمسهم طائف من الشيطان>> تذكروا \n\nوإذا قرئ القرآن فاستمعوا له وأنصتوا .. حكم"},
    "9": {"title": "اليوم التاسع", "content": "يوم وفاة الشيخ جابر رحمه الله"},
    "10": {"title": "اليوم العاشر", "content": "سورتي الأنفال والتوبة\n\nالأنفال، مكية \nفي أولها، ينادي الله قبل الحكم الذي يهم المؤمنين (يأيها الذين آمنوا) \n* تتبع حالة الانحراف التي حدثت للأمم من عهد آدم وحتى الرسول \nآخر هذا التتبع سورة الأعراف \n— نحن لسنا بعيدين عن هذا الانحراف،\nلماذا بين الله لنا هذا الانحراف في أول السور من البقرة إلى آل عمران والنساء والأنعام والأعراف من آدم وحتى موسى؟\n\n* بداية الانحراف تكون في الإيمانيات \n\nالإيمان ليس مجرد تسميع \nالإيمان هو هذه العقائد على قلبك وحياتك \n(قل لم تؤمنوا ...) \n\nمعنى الإيمان؟ هو التصديق الجازم الذي لا يعتريه شك ولا يتخلف عنه العمل.\n\nمعنى اسم البصير!! هل تحقق لك المعنى، دخول الإيمان في القلب؟\n\nإنما المؤمنون... وجلت قلوبهم (أول الخوف = الخضة) \nهل معرفتك بالله وأسمائه وصفاته التي تعلمتها من السنة، هل أوصلتك للوجل؟! \n\nإنما (حصر وقصر) \nآياته زادتهم إيمانا؟! لأن كل آية فيها حقيقة جديدة عن الله أو عن الملائكة ... \n\nلولا أن هدانا الله \n\n(ويحسبون أنهم مهتدون!) \n\nتعرف هذا النفاق من أثر السلوك \n\nالأمة بدأت في خط الانحراف منذ عهد الرسول (انحراف في العقائد والسلوكيات ...)\n\nطالما لا يوجد وازع داخلي يمنع الشخص من الفعل، لن ينصلح. \n\nالمشكلة ابتداءً نقص إيمان \n\nالأنفال؛ ٦ مرات \"يا أيها الذين آمنوا\" \n\n*** استمسك بغرزه صلى الله عليه وسلم ***\n\nعمر بن الخطاب: عملت لذلك أعمالًا \n\nأول ما نزل من القرآن سورة من المفصل (جنة ونار) ثم الأحكام (حديث عائشة) \n\nالتربية: اسعَ في تدبر كلام الله، حضر الجزء الذي تسمعه، اعمل ختمة بأبسط التفاسير \n\n(خذوا ما آتيناكم بقوة) بجد \n\nكل طقس من العبادات له معنى (اعمل وأحسن)"},
    "11": {"title": "اليوم الحادي عشر", "content": "سورتي يونس وهود\n\nيونس، آخر سورة طويلة في المصحف، أكثر جزء في التوبة\n\nأهم محور: تدبير الأمر وأن النفع والضر بيد الله وحده\n\n### كم قصة؟\n- ٣ قصص: نوح، موسى، يونس\n- القصص يضرب لك مثالًا عمليًا على التنظير\n\n(فعلى الله توكلت.. ولا تنظرون) → ثقة في وعد الله لنبيه\n\n### تحدي سيدنا نوح:\n- كيف؟ الإيمان بأن النفع والضر بيد الله وحده\n\n### مواجهة في درجة أعلى:\n- موسى وفرعون (أعتى الجبابرة الكفار)\n- موافقة اليهود لفرعون في الأفعال\n- (على خوف من فرعون..) → خوف أن يفتنهم\n- همُّك الدين: تخشى أكثر ما تخشى الفتنة\n- (أحمد بن حنبل في الفتنة - لا أخشى العذاب لكن أخشى فتنة السياط)\n- نصحهم سيدنا موسى (إن كنتم آمنتم فعليه توكلوا)\n- ولما يدخل الإيمان في قلوبكم\n- إيمان راسخ في القلب: النفع والضر بيد الله وحده\n\n### أركان التوكل:\n- إثبات العجز للنفس\n- إلقاء تبعة الأمر على الغير\n- الثقة فيه\n\n(توكلنا + لا تجعلنا فتنة للقوم..) → لا تجعل الظالمين يروننا ضعافًا فتكون فتنة لهم\n(ولو أراكهم.../ نصرت بالرعب (حمراء الأسد))\n\n---\n\n### سورة هود:\n- إهلاك أي ظالم أو جبار أو إيتاء الخير بيد الله\n\n### واجب $$$ كم مرة ذكر لفظ \"الأمر\"؟\n- جاء أمرنا\n- أمر الله\n- يدبر الأمر\n- أمر ربك\n- جاء أمر ربك\n- الأمر كله\n\n### درس التربية على التوكل:\n(فاعبده وتوكل عليه)"},
    "12": {"title": "اليوم الثاني عشر", "content": "### انتهت هود وانتهت يوسف\n\n### معاني وحكم من زوايا مختلفة لآيات سورة يوسف:\n- مشابهة حال سيدنا يوسف مع إخوته بحال النبي مع قومه.\n\n### طبيعة الصراع في سورة يوسف:\n- في العادة، الصراع يكون بين مسلمين وغير مسلمين، لكن في سورة يوسف النزاع كان بين مسلمين ومسلمين، وأولاد وأحفاد أنبياء (يعقوب وإبراهيم).\n- هذا الصراع هو النموذج الأعلى، فلا تستغرب أي صراع آخر.\n\n(وإذ يمكر بك الذين كفروا...) → مكر إخوة يوسف.\n- هجرة المسلمين، حبس المسلمين في شعب أبي طالب.\n\n(وما كنت لديهم إذ أجمعوا أمرهم...)\n- انظر إلى الواقع الذي تعيشه، (وما أكثر الناس ولو حرصت بمؤمنين).\n\n---\n\n### منهج الدعوة في سورة يوسف:\n(قل هذه سبيلي أدعو إلى الله على بصيرة...)\n- **هذه سبيلي**: طريق أسير عليه مهما تكلم وانتقد الناس.\n- **أدعو إلى الله**: مهما حدث منكم.\n- **على بصيرة**: لا من عند نفسي، بل على علم وفهم في ديني (البصيرة أعلى من العلم – لا تخبط عشوائيًا).\n- **ومن اتبعني**: (عامل مشترك – سبيلي أنا ومن اتبعني، على بصيرة، ومن اتبعني...) يعني في الحالات الثلاث.\n- **وما أنا من المشركين**.\n\n---\n\n### مسؤولية أتباع النبي:\n- المسؤولية مسؤولية كل أحد.\n- (من اتبع رسول الله يقرؤون القرآن، والقرآن كله دعوة، الأصل في الكل الدعوة).\n\n- نحن نتحدث مع بعض في المساجد، لكن الدعوة يجب أن تخرج إلى الناس.\n\n(ما أترفوا فيه، إهلاك ٦ أمم)\n- **قرون من قبلكم**: لو كان فيهم أولو بقية ينهون، حتى لو لم يكونوا علماء، الفساد يكون مجتمعيًا.\n\n- **اسعوا إلى ذكر الله**: لكي تستمعوا إلى ذكر الله.\n- **انتشروا في الأرض**: اذكروا الله كثيرًا، وذكروا الناس بما سمعتم من الذكر.\n\n- **طوفان الفساد لا بد أن يوقفه طوفان من الدعوة والتذكير**.\n\n(ولتكن منكم (من عامة الناس) أمة...)\n- أنت تواجه أمة فساد، لذلك تحتاج إلى أفواج من الناس يدعون إلى الخير وينهون عن المنكر.\n\n- **أهل الفساد يريدون إيقاف النهي عن المنكر**.\n\n- **ادعُ بما تسمع**.\n- **أولو العلم** (طائفة يتفقهون في الدين) لنرجع إليهم بالسؤال.\n\n---\n\n### أسلوب الدعوة:\n- **لا تسريب عليكم، لا غلظة**.\n\nفي الصحيحين: \n- (رأى رجلًا يخصف بالحصى، فنهى رسول الله عن الخصف بالحصى، لأنه لا يصيد صيدًا ولا ينكأ عدوًا ولكنه يفقأ العين ويكسر السن)."},
    "13": {"title": "اليوم الثالث عشر", "content": "### سورة إبراهيم:\n\n#### موضوع السورة:\n- إرسال الرسل وتوضيح أن **صراط العزيز الحميد هو النور، وغيره ظلمات**.\n- **الرسول يُرسل بلسان قومه ليبين لهم**.\n- **موقف المعاندين للرسل عبر الزمان**، حيث اجتمعت هذه المواقف في سورة إبراهيم (نوح، عاد، إبراهيم... إلخ).\n- **خمس مراحل لعرض موقف المعاندين للرسل**.\n\n#### الهدف الأساسي من السورة:\n- بيان **خطورة مسألة اتباع الرسل**.\n- **مصدر الوحي الوحيد** هو القرآن والسنة.\n- لا يوجد اختيار في البحث عن مصادر أخرى لمن أراد النجاة.\n- **ما لم يوافق الوحي فهو ظلمات**.\n\n#### عاقبة عدم اتباع الرسل (التربية بذكر المآل):\n- (وبرزوا لله ... لكم تبعًا ... فهل أنتم مغنون عنا ... لو هدانا الله).\n- **الجزع**: أصل الكلمة (قطع الحبل من منتصفه)، وهو أعلى مراتب الحزن (كأن النفس تقطعت حزنًا).\n\n#### حوار أهل النار مع الشيطان:\n- (وعدتكم فأخلفتكم... ما أنا بمصرخكم...)\n- **الصارخ** هو من يطلب الإنقاذ، و**أصرخه** أي أنقذه.\n- هناك دعوتان: **دعوة الشيطان** و**دعوة الله**.\n\n#### المشهد الأخير:\n- (ربنا أخرنا إلى أجل...) → عند معاينة العذاب، طلبوا أمرين:\n  - **لنجِب دعوتك (عبادة)**.\n  - **ونتبع الرسل**.\n- هذا الموقف عام لكل الأمم.\n- (سكنتم في مساكن... وضربنا لكم الأمثال...)\n- (مكروا مكرهم... الذين ضلوا من قبل).\n- (لتزول // قراءة: لا تزول): أي أن **عقيدة الناس في الأرض ستظل ثابتة كالجبال مهما مكروا**.\n\n---\n\n### سورة الحجر:\n\n#### موضوع السورة:\n- (وما خلقنا ... إلا بالحق... هو الخلاق العليم)\n- **إلا بالعدل**: لا يستوي من اتبع الحق ومن ضل.\n\n#### السبع المثاني:\n- (سبعًا من المثاني.. واخفض جناحك)\n- **المقصود بها الفاتحة**.\n- توجيه بأن **الله أنزل وحيًا فلا يُترك القرآن إلى غيره من مصادر** (لتلقي الموعظة، الأفكار، العقائد...).\n\n#### مشكلة المصادر البديلة:\n- **التأثير الداخلي السيء للمصادر المرئية الحديثة**.\n- **أثر ما وجده سيدنا عمر في التوراة (غضب رسول الله)**.\n\n#### لا تحزن على ما أعطى الله غيرك:\n- (ولا تحرن عليهم... كما أنزلنا على المقتسمين).\n- **المقتسمون هم اليهود والنصارى**.\n- (الذين جعلوا القرآن عضين) أي قسموا الوحي لما يوافق هواهم وما لا يوافق.\n\n#### الحساب والمسؤولية:\n- (لنسألنهم عما كانوا يفعلون) **لا أحد سيفلت مما يفعل**.\n\n#### المواجهة بالدعوة:\n- (فاصدع بما تؤمر) → **يجب أن نتحرك ضد الموجة المعاكسة**."},
    "14": {"title": "اليوم الرابع عشر", "content": "### سورة الإسراء:\n\n#### مقدمة:\n- **نزلت في أواخر العهد المكي**.\n- **تقديم نوع جديد من التربية لم يُذكر بهذه الطريقة من قبل**.\n- عرض **قصة بني إسرائيل بشكل مختلف عن البقرة**، حيث تم ذكرها هناك مع سيدنا موسى ثم مع داوود، وهنا في **مرحلة جديدة (مرحلة التقلب)**.\n\n---\n\n### قصة بني إسرائيل:\n- (لتفسدن في الأرض مرتين...)\n- **المرة الأولى:**\n  - عادوا وتابوا بعد الإفساد الأول.\n  - (أولي بأس شديد) في سورة البقرة (إشارة إلى جالوت وعقوبة الإفساد الأول).\n  \n- (إن أحسنتم...)\n  - **المبدأ الأساسي**: الجزاء من جنس العمل.\n  \n- **المرة الثانية:**\n  - (رددنا لكم الكرة...) أي عادوا للإفساد.\n  - (فإذا جاء وعد الآخرة...) جاءت العقوبة الثانية.\n  - (تتبيرًا) = تفتيت (أي دمار شامل، حول بيوتهم وأثاثهم إلى تراب).\n  \n- (وإن عدتم عدنا...)\n  - **التكرار في العقوبة بقدر التكرار في الفساد**.\n  \n#### **الدروس من القصة:**\n- **الله يعامل الأمم حسب أفعالها**:\n  - **التوبة → تمكين**.\n  - **الإفساد → عقوبة**.\n\n---\n\n### **الانتقال من الحديث عن الأمة إلى الفرد:**\n- (وكل إنسان ألزمناه طائره في عنقه...)\n  - **حتى لو كنت في أمة فاسدة، حسابك فردي**.\n  - **حتى لو كنت في أمة صالحة، لا تعتمد على صلاحها، بل على عملك الشخصي**.\n  \n- **(طائره)**:\n  - **قدر الإنسان من الخير والشر متعلق بعمله**.\n  - لا يوجد مفر من نتائج أعمالك.\n  \n- مثال:\n  - قد تكون غنيًا في أمة فقيرة أو فقيرًا في أمة غنية، لكن **مسؤوليتك فردية**.\n  - **ابدأ بإصلاح نفسك أولًا**.\n\n---\n\n### **التركيز على الفردية في الحساب:**\n- (اقرأ كتابك كفى بنفسك...)\n  - **كل شخص مسؤول عن نفسه، لا تزر وازرة وزر أخرى**.\n  \n- (نهلك قرية أمرنا مترفيها...)\n  - **سنة الله في هلاك القرى بسبب فساد المترفين**.\n  - **القرية كلها تعاقَب إن لم يتحرك الصالحون للإصلاح**.\n  \n- **دورك الفردي:**\n  - لا تنتظر الآخرين.\n  - **تحرك وأصلح، لا تكن متفرجًا**.\n  \n- **عدم التعلق بالدنيا:**\n  - **الله يعامل الأمم حسب طاعتها أو عصيانها**.\n  - مثل بني إسرائيل: **طاعة → تمكين، إفساد → عقوبة**.\n\n#### **الرسالة الأساسية:**\n- لا تشتكي من حال الأمة فقط.\n- **ابدأ بنفسك وتحمل مسؤوليتك الفردية**."},
    "15": {"title": "اليوم الخامس عشر", "content": "📖 **سورة مريم: بين الرحمة والعذاب**\n\n🔹 **السورة مقسمة إلى شطرين:**\n- **الشطر الأول:** كله **رحمة** (زكريا، يحيى، عيسى، مريم، إبراهيم، إسماعيل...)\n- **الشطر الثاني:** كله **عذاب** (تحذير للكافرين وعقوبة من يعارض الحق).\n\n🔹 **التركيز على العلاقة الأسرية (الذرية):**\n- (وممن هدينا واجتبينا) → كأن الله يضم هؤلاء إلى **عائلة الإيمان**.\n- **أنت من هذه العائلة إذا اتبعت القرآن!**\n- أكثر سورة ذكر فيها لفظ \"الله\" → أحمد الله أنه اجتباك وهداك.\n\n---\n\n📖 **سورة الكهف: تربية فريدة من نوعها**\n\n🔹 **الحكمة في وجودنا على الأرض**\n- دار السلام (النجاة من كل آفة وسوء).\n- الفرق بين **البلاء والابتلاء**:\n  - **الابتلاء:** بما يسوؤك.\n  - **البلاء:** يشمل الخير والشر (نبلوكم بالشر والخير فتنة).\n- **الله يختبرك بالصحة والمال كما يختبرك بالفقر والمرض**.\n\n🔹 **أربع قصص فريدة في الكهف** (لكل حال تصرف مختلف)\n\n🔸 **١- الفتية المؤمنون وسط قوم لا يؤمنون**\n- **لا مساحة للحوار**، لذا اختاروا الانزواء في الكهف.\n- (مطلوب الاعتزال عندما لا يكون هناك أي فرصة للتفاهم).\n\n🔸 **٢- صاحب الجنتين (رجل غني كافر وصاحبه المؤمن)**\n- هنا **هناك مساحة للحوار**.\n- (وهو يحاوره) → النقاش مستمر بينهما.\n- **ما دام هناك فرصة للحوار، لا تنزوي، بل تكلم!**\n\n🔸 **٣- سيدنا موسى والخضر (فهم تقلبات الأقدار)**\n- بعد النجاة من فرعون، ظن أنه الأعلم.\n- الله علمه أن **العلم بالوحي لا يكفي، بل يجب فهم تقلبات الأقدار**.\n- (طالما هناك مساحة للتعلم، تعلم!)\n\n🔸 **٤- ذو القرنين (القوة والعلم في سبيل الله)**\n- (وآتاه الله من كل شيء سببًا)\n- لم يترك أي سبب من أسباب **العلم والقوة والتمكين**.\n- **مرت بنفس المراحل التي مر بها النبي ﷺ**.\n\n🔹 **كيف نطبق هذه القصص على واقعنا؟**\n- المسلمون في العالم يمرون بحالات مختلفة، **لكل حال تصرف مناسب**.\n- **في زماننا:** نعيش في بلاد المسلمين، علينا العمل بالإصلاح ضمن المتاح.\n- النبي ﷺ **وصل لمرحلة ذي القرنين في أواخر العهد المدني**.\n\n🔹 **الخلاصة:**\n- **الهدف ليس البقاء على حال واحد، بل أن تكون \"أحسن عملًا\"!**\n- **كل حال يتطلب تصرفًا مختلفًا، تحرك في دين الله وفق ما يرضيه حسب الزمان والمكان.**"},
    "16": {"title": "اليوم السادس عشر", "content": "جار العمل"},
    "17": {"title": "اليوم السابع عشر", "content": "📖 **سورتي المؤمنون والنور: التربية الإيمانية والأخلاقية**\n\n🔹 **سورة المؤمنون: من هم المفلحون؟**\n- **التوحيد أساس الفلاح**: توحيد الله ورفض مظاهر الشرك.\n- الشرك الخفي: طلب العون من غير الله (نسويكم برب العالمين).\n- مدد = العطاء، **ولا يكون إلا من عند الله**.\n\n🔸 **كم صنف من المفلحين؟**\n- ٦ أوامر/أعمال/أحكام في (قد أفلح).\n- **كم قصة للأنبياء؟** → ٥ (نوح - هود - موسى - هارون - عيسى).\n- اعتراض المشركين؟ **(أنهم بشر مثلهم! يأكلون!)** → رفض الحق بسبب التشابه.\n- **الله يربينا على سماع الحق بغض النظر عن المتكلم** → (أفلم يدبروا القول؟).\n- **الحق لا يتبع أهواء الناس، وإلا لفسدت الأرض**.\n\n---\n\n🔹 **سورة النور: تربية المجتمع على العفة والطهارة**\n- نزلت بعد **غزوة بني المصطلق (٥ هـ)**، تتناول **حادثة الإفك** وأحكام العفة.\n- دور **أولي الأمر** في تطبيق الحدود، وليس الأفراد.\n- (سورة أنزلناها وفرضناها) → **أحكامها أكثرها فرائض**.\n\n🔸 **أحكام لحماية العفة ومنع الفحش:**\n1️⃣ **غض البصر** (رجالًا ونساءً).\n2️⃣ **تستر المرأة**.\n3️⃣ **الحث على تزويج الشباب** (أيم: من ليس لهم زوج، ووعدهم بالغنى من فضل الله).\n4️⃣ **تحريم الإكراه على الفاحشة** (ولا تكرهوا فتياتكم على البغاء).\n5️⃣ **تحذير من نشر الفاحشة** (إن الذين يحبون أن تشيع الفاحشة...).\n\n🔸 **الفرق بين المسلم والمؤمن**:\n- المسلم **محفوظ دمه وماله لكنه قد لا يكون مؤمنًا كاملًا**.\n- **المعرض عن أوامر الله ليس من المؤمنين حقًا** → (ما أولئك بالمؤمنين).\n\n🔹 **صفات المؤمنين الحقيقيين:**\n- (سمعنا وأطعنا) **طاعة ظاهرة ومعلومة**.\n- (قد أفلح المؤمنون) → **إيمانهم يظهر في أفعالهم لا في كلامهم فقط**.\n- **جزاءهم؟** (جزيتهم اليوم بما صبروا... هم المؤمنون حقًا)."},
    "18": {"title": "اليوم الثامن عشر", "content": "📖 **سورتي الفرقان والشعراء: الفرق بين الحق والباطل**\n\n🔹 **سورة الفرقان: كن حادًّا في التفريق بين الحق والباطل**\n- \"الفرقان\" صيغة مبالغة، تعني **التفريق القاطع بين العقيدة الحق والباطل**.\n- **صفات الضالين:**\n  - \"إلا هزوًا\": السخرية من الدين.\n  - \"بعث الله رسولًا\"؟ اعتراض على اختيار الرسل.\n  - \"من اتخذ إلهه هواه\"؟ **عبادة الهوى** ورفض وحي الله.\n- **العبادة:** ليست فقط طقوسًا، بل **خضوع يُفضي إلى الاتباع**.\n- **إما اتباع الوحي أو اتباع الهوى** → (فاعلم أنما يتبعون أهواءهم...)\n- **كل إنسان تابع بطبيعته** (يوم ندعو كل أناس بإمامهم).\n\n---\n\n🔹 **سورة الشعراء: مقارنة بين الوحي والفن (الشعر)**\n- في زمن النبي، كان الشعر هو التأثير الأكبر، فجاء الوحي ليكون الدليل الحق.\n- \"اخفض جناحك\" → تعامل بيسر مع المؤمنين.\n- **على من تنزل الشياطين؟** → كهانة، شعر، ضلال.\n- **كل إنسان يحتاج إلى دليل**:\n  - **سبيل مع الرسول = نجاة**.\n  - **سبيل بدونه = ندم**.\n- \"قال الذين لا يرجون... (لو نرى ربنا)\" → طلب مستحيل نابع من استكبار.\n- **الملائكة لا تنزل إلا في حالتين:**\n  1️⃣ **الموت**.\n  2️⃣ **عذاب معجل**.\n\n🔸 **مشاهد يوم القيامة:**\n- \"حجرًا محجورًا\" → المجرمون يطلبون الحماية ولكن لا نجاة.\n- \"هباءً منثورًا\" → أعمال الكافرين تتحول إلى غبار.\n- \"يوم تشقق السماء بالغمام\" → السحاب الخفيف يتشقق، فتكون السماء أبوابًا.\n- \"يوم يعض الظالم على يديه\" → **الندم الشديد** بسبب الابتعاد عن الذكر.\n- \"عدو من المجرمين\" → **كل من يعادي طريق الرسول فهو مجرم**.\n\n🔸 **القلب السليم:**\n- **لابد أن يسير على خطى الرسول**.\n- \"والذي أطمع أن يغفر لي خطيئتي...\" → حتى سيدنا إبراهيم، خليل الرحمن، يطلب المغفرة.\n- \"رب هب لي حكمًا وألحقني بالصالحين\" → **الرغبة في دخول صفوف المؤمنين**.\n- \"لا تخزني يوم يبعثون...\" → **الدعاء بالقلب السليم، الخالي من الشهوات والباطل**.\n\n🔹 **كيف يثبت الله القلوب؟**\n- \"كذلك لنثبت به فؤادك\" → **المواقف حين تواجه القرآن، تزيد الإيمان والتثبيت**."},
    "19": {"title": "اليوم التاسع عشر", "content": "📖 **سورتي القصص والعنكبوت: الفتنة والاختبار**\n\n🔹 **القاسم المشترك بين السورتين**:\n- استمرار موضوع التوحيد، خصوصًا **الدعاء واستجابته**.\n- تأكيد أن الله يستجيب لعباده، بينما **الأصنام لا تستجيب**.\n- **العقيدة وحدها لا تكفي** → الإيمان يتطلب أعمالًا (كما في سورة المؤمنون، ثم تفصيلها في النور والفرقان).\n\n🔹 **سورة القصص: مفهوم الفتنة والاصطفاء**\n- الفتنة قد تكون **ابتلاءً لخيرٍ مستقبلي**.\n- \"وفتناك فتونًا\" → تفاصيل هذه الفتنة في القصص.\n- **الابتلاء في حياة موسى**:\n  - وُلِد في زمن القتل.\n  - قُدّر له أن يربى في بيت فرعون.\n  - قتل القبطي دون قصد، فكان سببًا لإبعاده عن فرعون.\n  - انتقل إلى مدين، حيث عاش **١٠ سنوات** عند شعيب **كمرحلة إعداد**.\n  - عاد لمصر برسالة عظيمة.\n\n🔹 **سورة العنكبوت: الاختبار والتمييز**\n- \"أحسب الناس أن يتركوا...\" → **لا إيمان بدون اختبار**.\n- الله يختبر صدق الإنسان **لتمييز الصادق من الكاذب**.\n- \"وكأين من دابة لا تحمل رزقها...\" → **التوكل لا يعني ترك العمل، بل النجاح في الامتحان**.\n- **ذكر ٧ أمم تعرّضت للابتلاء**:\n  1️⃣ نوح  \n  2️⃣ إبراهيم  \n  3️⃣ لوط  \n  4️⃣ شعيب  \n  5️⃣ عاد  \n  6️⃣ ثمود  \n  7️⃣ فرعون\n\n🔹 **وجه الشبه بين القصص وحياتك**:\n- **موسى مر بمراحل إعداد** (من مصر إلى الأردن إلى مدين، ثم عاد لمصر).\n- أنت أيضًا قد تمر باختبارات قبل تحقيق أهدافك.\n- **كل ميسَّر لما خُلق له**، فتمسك بالاختبار واثبت.\n\n🔹 **رسالة العنكبوت في النهاية**:\n- **الهجرة والرزق**: \"أرضي واسعة... لنبوئنهم من الجنة غرفًا\".\n- الحياة **ابتلاء، ودورك أن تنجح** في هذا الامتحان بالصبر والإيمان والعمل."},
    "20": {"title": "اليوم العشرون", "content": "📖 **سور الروم، لقمان، السجدة، الأحزاب: الثبات واليقين في مواجهة الفتن**\n\n🔹 **سورة الروم: الثبات بعد الانكسار**\n- تتحدث عن **هزيمة الروم ثم انتصارهم**، مما يشبه أزمات المسلمين.\n- المشركون شمتوا في المسلمين بسبب تشابههم مع أهل الكتاب.\n- **الدرس الأساسي:** حتى في أصعب اللحظات، **كل شيء في قبضة الله**.\n- \"أقم وجهك للدين حنيفًا\" (تكررت مرتين) → **الاستقامة على الدين رغم الفتن**.\n- \"فاصبر... ولا يستخفنك\" → من **يفتقد اليقين خفيف يسهل التأثير عليه**.\n\n🔹 **سورة لقمان: مواجهة المنهج ببدائل**\n- صفات المؤمنين: **يقيمون الصلاة، يؤتون الزكاة، يوقنون بالآخرة**.\n- \"يشتري لهو الحديث\" → قصة النضر بن الحارث، الذي كان يحكي قصص الفرس ليصد عن القرآن.\n- \"ليُضل عن سبيل الله\" (الشخص المضل) / \"ليَضل\" (الشخص الضال) → هناك **من يضل بنفسه ومن يضلل الآخرين**.\n- \"إن وعد الله حق\" → **عليك أن توقن بوعد الله ولا تضعف**.\n\n🔹 **سورة السجدة: الاختبار واليقين**\n- \"إنا موقنون\" → الإيمان الحق يظهر عند المواجهة.\n- فرعون لم يوقن بجهنم إلا وهو **على أبوابها**!\n- موسى ومن معه \"يهدون بأمرنا لما صبروا\" → **اليقين والصبر شرط الهداية**.\n\n🔹 **سورة الأحزاب: الفتنة الحقيقية واليقين**\n- \"وإذ يقول المنافقون والذين في قلوبهم مرض\" → **ليس شرطًا أن تكون منافقًا، لكن ربما لديك ضعف يقين**.\n- \"ما وعدنا الله ورسوله إلا غرورًا\" → من لم يثبت على اليقين ينهار عند الفتنة.\n- \"يودّون لو أنهم بادون في الأعراب\" → **من ضعف يقينه يهرب من المواقف الصعبة**.\n- \"أسوة حسنة لمن كان يرجو الله واليوم الآخر\" → **اليقين بالله يصنع النموذج الصالح**.\n- \"ليجزي الله الصادقين بصدقهم\" → الصدق مع الله هو طريق الثبات والنجاة."},
    "21": {"title": "اليوم الحادي والعشرون", "content": "قد تكون ليلة القدر \nسورة سبأ \nوسورة فاطر\n\nتوقفنا مع الروم؛ حالة الشماتة\nلقمان؛ الانشغال باللهو \nسبأ؛ حالة استعلاء المشركين في مكة والجزيرة \n(أكثر أموالًا وأولادا) \nتبارك الذي نزل الفرقان؛ نذيرًا للعالمين( مش بلد ولا قرية) \nلما يتكلم عن طائفة لا تبحث عنها في مكان معين(هي عامة) \nتسمية السورة(لسبأ في مسكنهم آية) \n\nمن كل شئ(حسب الزمان والمكان)(أمريكا...) \nترف عند سبأ( جنتان عن يمين...)\nالله هو رازق أمريكا وغيرها ...\n&&فأعرضوا .. فأرسلنا - تعقيب وسرعة \nكم مكثت سبأ ؟ ملايين السنين \nكم عمرك مقارنة بعمر الكون؟ \n\nدورك في التوقيت اللي نزلت فيه: أهل الكهف، ٣٠٠ سنة \n\n\n$$$ كم مزة ذكر الله قضية الرزق في سبأ؟\n\nشوف طريفة الصلف\nغنى + قوة = تجبر \n\nانكار مع سخرية؛ نل ندلكم على رجل... إنكم لفي خلق جديد\nالرد: افترى على الله كذبًا... بل الظالمون .. أفلم يروا إلو ما بين أيديهم \n\nالتربية على عدم الانبهار بالملك \n\nمن المعاني الرئيسية في سورة طه؛ كيف يتكلم الله عن تفسم كملك (طه ... الله لا إله إلا هو له الأسماء الحسنى) اسمع هذا ثم قارن هذا بملك فرعون مثلًا! \n\nمواجهة فرعون مش سهلة( أخاف أن يقتلون) ربنا عشان يضيع هيبة فرعون (يكلم موسى تكليما) كلمه ربه قبل ما يروح لفرعون، حضور هيبة الله لا تجعل لمخلوق من مخلوقاته هيبة \n\nشوف هيبة ربنا في ذكر الملك(سبأ.. يعلم ما يلج في الأرض.. في كتاب مبين) \n\nيضرب الله مثلًا بملكين \n\nالنمرود\n\nتربية السورة ، أن تنظر لملك الله كيف يعطيه الله\n\nشوف ذكر الملك كم مرة؟ (لا يملكون) \n\nبيان عظمة ملك الله، يغشى على الملائكة!\n(قالوا الحق)\n\nمشهدين حتى لا تنكسر \n\nالقوي؛ دايما صاحب سطوة (مال سلاح ...) \n\nمشهد في نص السورة؛ خناقة بين كل من تأثر\n(ولا بالذي بين يديه... لولا أنتم لكنا مؤمنين) (أنحن صددناكم؟!) (بل مكر الليل والنهار) \n(( مترفوها.. بما أرسلتم به.. كل ما يكون عندك قوة كل ما تستغني)\n\n\nمشهد في الإخر، حالهم في آخر حياتهم \nولو ترى إذ فزعوا فلا فوت.. وحيل بينهم.. في شك مريب.\n\nختام حياة كل مجرم ؛ فردي أو جماعي\nاما عند الوفاة\nعند الخروج من القبور\nأمام الله يوم القيامة\n\nلا فوت؛ مافيش فرصة للهروب \n££أن يسبقونا؟! في العنكبوت، تفلت منه \n\nمكان قريب؛ كل مكان بالنسبة لله مكان قريب\n\nوقالوا؛ آمنا به (بمحمد)(بالقرآن) (بالبعث) (بكل ما ذكر الرسل) ؛؛ أني لهم التناوش(مناوشات تبادل) عايز يلحق حتة إيمان؛ أنى لهم ات يتناولوا الايمان وقد أصبح بعيد (موت ..) \n\nيقذفون بالغيب ، يقذف بالحق\nيقذف بالحق: بالقوة \nيقذفون؛ ظنون وأوهام، حياته مجموعة من الشبهات \n\nحيل بينهم؛  هم قوم مترفين؛ أصعب حاجة يحال بين المترف وما يريد. أخر مرة يعيش في ملذات لحظة الموت، عكس المؤمن \n\n\nفاطر؛ملكهم وقوتهم وتنوع الدنيا، \n\nالصافات؛ الملأ الأعلى. \n\nتخشع في صلاتك \n\n\nحديث، هل اتى أحد من رؤيا فأعبرها له"},
    "22": {"title": "اليوم الثاني والعشرون", "content": "كم عدد الأنبياء في سورتي الصافات وص\nالصافات، وص والزمر\n\nالصافات: الملائكة\nيعني ايه؟ لماذا وصفت؟ تصطف صفوفًا، ليه؟ لتلقي الأوامر من الله\n\nمن أول سبأ، لغاية محمد(أول سورة مدنية من بعد سبأ)\nطبيعة المساحة دي؛ فيها ذكر تفاصيل كثيرة مش اجماليات فقط زي السابق\nكل ما تتعمق كل ما تزيد التفاصيل\nمن أول سبأ، تلاقي رحلات في السورة؛ بين الماضي والحاضر والمستقبل\n\nمساحة في الماضي؛ ثم حاضر\nفاستفتهم... الى آخر السورة\n\nالزمر؛ تتكلم عن تأسيس أركان الاخلاص لله\n(سورة الزمر؛ تحقيق الاخلاص)\n\nالزاجرات؛ ملائكة تزجر السحاب( زجرة واحدة)\nالتاليات ذكرا؛ التي تتلو وحي الله على الرسول وباقي الملائكة(جبريل)\n\nيبدا بالقسم برؤوس الملائكة، واقفين صفوف في انتظار الأمر\n\nعقيدة المشركين الفاسدة؛ أن الله سبحانه وتعالى أنجب من الجن ملائكة\n\nأهم أشد خلقًا؟! من أشد خلقًا(الجن)\n\nطين لازب؛ الصلصال\n\nاللي بيعبد سواء مخلوق من البشر/ملائكة... أو معبود ميت (ودا وسواعا...)\nتأسيس العقيدة\nبيان عواقب هؤلاء المشركين\n\nبل عجبت، الرسول؛ أي عجبت من كلام الله؛ بلاغة تقيم الحجة.\nمش هاتتعجب غير لما تفهم\n\nالمعلومة ولا الإحساس؛ كلام الله والتلذذ به\n\nالناس بعيدة عن هذا الكلام المعجز\n\nعجبت ويسخرون؟! على الجانب الآخر، انظر الى الفارق، يوضح احساس الرسول\n\nسورة ص، تسلية للرسول من السخريات\n\nمشهد قبل؛ يسخرون\nمشهد بعد؛ ياويلتا هذا يوم الدين\n\nالايمان بالله والآخر، ايمان مفصل\nعيش الايمان\n\nتأثر الناس بالكلام\nفريق تأثر بالساخرين\nفريق تأثر بالمرسلين\n\nوأقبل بعضهم على بعض يتسائلون،\n\nمشهد الخاسرين\nتأتوننا عن اليمين؛ الخير يأتي من اليمين\nأي تزينون لنا دين على أنه الحق بدون أدلة\n\nقال المتبوعين؛ ما كان لنا عليكم من سلطان\n\nمشهد فريق اللي دور على الوحي\nعباد الله المخلصين\n\nفواكه وهم مكرمون\n\nفي الجنة لا يري أحد قفا أخاه(متقابلين) (نقلة للمستقبل)\nكأس من معين(يطاف بغلمان) لا تعب في الجنة\nمعين؛ عينًا ترى\nبيضاء لذة للشاربين لا فيها غول\nغول؛ صداع\nينزفون؛ النفاذ، إما نفاذ العقل أو نفاذ العين\n\nقاصرات الطرف عين؛\nقاصرات الطرف؛ تقصر طرفها على زوجها\nعين؛ جمع عيناء، أجمل ما فيه المرأة عينها\nتفاصيل كتير في الجنة، لما تركز مش هاتتعلق بحرام في الدنيا\n\nبيض مكنون( لؤلؤ محفوظ)\n\nبعد هذا النعيم\nفأقبل بعضهم... كان لي قرين، يقول أنك لمن المصدقين.. لمدينون.. قال هل أنتم مطلعون\n\nسواد (وسط)\nمن جهنم مهاد؛ لهم ظلل من النار فوقهم وتحتهم\n\nتردين.. ولولا نعمة ربي!!\n\nآخر مشهد؛؛ صاحب الجنة يسأل الملائكة؛؛\nأفما نحن بميتين!\nنعيم بلا موت\nإن هذا لهو الفوز العظيم\n\nسياق؛ من ترك الرسل ومشي ورا كلام آباءه\n\nيهرعون؛ هود والزمر\nفانظر كيف كان عاقبة ...\nإلا عباد الله المخلصين: ٤ مرات في الصافات، ارجع وشوف سياق كل واحدة"},
    "23": {"title": "اليوم الثالث والعشرون", "content": "سورتي غافر وفصلت\n\nغافر؛ غافر الذنب\nقضية الدعاء والمجادلة؛\nالمجادلة؛ ذكرت أربع مرات\nالدعاء؛ ١٧ مرة\nالملائكة دعت لينا كم دعاء؟ أربعة\n\nعاقبة الجدال في آخر السورة\n\nموضوع الاحصاءات في القرآن مش هو الغرض الأصلي، أنت بتحاول تلم بالقضايا والمواضيع في كل سورة\nالدرس الرئيسي، ازاي تعرف تسمي السورة بالمواضيع\n\nالسورة تربيك على حاجة معينة خاصة بالدعاء والمجادلة\nالتربية؛ لا يدعى إلا الله وحده، لا يجوز إشراك الدعاء مع الله، اللي يجادل (فيه كبر)\n\nغفور؛ لا غافر للذنب إلا الله\n\nليه قوم فرعون ذكروا في موضع الجدال؟\nسيدنا صالح (آية)\nسيدنا موسى (تسع آيات) مثل بالطائفة الأعلى التي جادلت\nسورة غافر لم تذكر تفاصيل الآيات، ذكرت في فصلت\n\nسورة فصلت يذكر فيها تفاصيل لم تذكر في غيرها، مثل:\n- خلق الأرض\n- شهد عليهم سمعهم\n- أولياؤكم في الحياة الدنيا\n\nموقف يوم القيامة وجود هؤلاء المدعوين من دونه لا يقضون بشيء.\nما للظالمين من حميم ولا شفيع\nكل مرة ذكرت الشفاعة (إلا بإذنه) إلا هنا في هذا الموضع\n\nعاقبة من يدعون من دون الله؟\nلم نكن ندعو، أولم تك تأتيكم رسلكم، فلم يستجيبوا لهم، وما دعاء الكافرين إلا في ضلال\n\nذكر فرعون كمثال هنا؛ فيه كل العبر (مدعي ألوهية، جبار، متكبر، قاتل الأطفال)\nالمصيبة اللي ذكرت هنا:\nما أريكم إلا ما أرى\nمثال لمن يضل قومه بدون دليل\n(متكبر لا يؤمن بيوم الحساب)\n(بغير سلطان أتاهم)\n(أم أتيناهم سلطانًا!؟)\nماتمشيش ورا أي حد دون دليل (ودور وراه واسأل واسمع)\nلو رأى الله في قلبك الهداية يهديك\n\nالتعلق بالله وحده = تجد قلبك\nادعوا الله مخلصين له الدين\n\nنحن أولياؤكم ... (من يبحث عن الحق) (عند الموت يرى الملائكة يردون عليهم)\nعكس\nقيضنا لهم قرناء، (قشرة البيضة)\n\nعقائد"},
    "24": {"title": "اليوم الرابع والعشرون", "content": "سورتي الشورى، الزخرف، الدخان، الجاثية\n\nالشورى؛ أسم ذكر بالألف واللام هنا فقط؛ الولي\nكم مرة الولي في الشورى؟\nالولي بالألف واللام مرتين في الشورى،\nمسألة الولاية؛ ذكرت ٨ مرات\n\nالشورى؛ ثلاث موضوعات:\n- الله هو الولي\n- الأمر بالاستجابة (٤ مرات)\n- الكلام عن الوحي بلفظ الشرع (شرع لكم من الدين)\n\n**ارتباط الموضوعات ببعضها**\nالله أنزل وحيًا فيه شريعة، والمسلمون عليهم الالتزام بالشريعة، فالجزء كله مرتبط.\n\n**معنى الولي**\n- القرب (يليه)\n- الولاية؛ تتبع شيئًا ليس بينك وبينه فاصل\n- الله يتولى أمرك، الله قريب منك\n- الفرق بين **ولي** و **الولي**؟\n  - لا إله إلا الله\n  - لا صمد إلا الله\n  - لا ولي إلا الله\n\nيثبت الولاية لنفسه سبحانه وينفيها عن غيره.\n\n**أنواع الولاية في القرآن:**\n- **ولاية الهداية**: \"من يضلل .. فما له من ولي\"\n- **ولاية النصرة في الدنيا**: \"ما أصابكم من مصيبة.. ما لكم من ولي ولا نصر\"\n- **ولاية الآخرة**: \"ما كان لهم من أولياء … من يضلل الله\"\n\nسورة الشورى تربية على أنه لا ولي إلا الله في كل المحاور.\n\n**الشريعة مرتبطة بالولاية:**\n- طالما هو الولي، فلا بد من تنزيل منهج ورسالة نسير عليها (الشريعة)\n- ثم ينفيها عن غيره؛ \"ما لم يأذن به الله\"\n- **معنى الشريعة**:\n  - تطلق على مورد الماء (\"أشرع الإبل الماء\") بشرطين:\n    - أن تُرى للمارة\n    - أن تكون دائمة لا تنفد\n  - الشريعة؛ المصدر الذي يبقيك على قيد الحياة\n  - **لا تأليف في الدين**\n\nبعد توضيح الشريعة يأتي الأمر: **استجيبوا!!** (٤ مرات)\n- نفّذ ولا تشرك مع الله أحدًا.\n- \"لله ملك السموات والأرض … يهب لمن يشاء … يجعل من يشاء عقيمًا\" → لما تطلب، اطلب من الله.\n\n---\n\n### **سورة الزخرف**\n**بيان أن هناك من أخذ شريعة من مصدر آخر**:\n- \"وجدنا آباءنا على أمة…\"\n- \"سنة .. إلا قال مترفوها..\"\n- \"بأهدى مما وجدتم عليه.. فانتقمنا منهم\"\n\n**لماذا فعلوا ذلك؟**\n- \"بل متعناهم…\" → طول ما هو في المتعة **غافل**.\n\n---\n\n### **سورة الدخان**\n**موقفهم عند العذاب:**\n- \"ربنا اكشف عنا العذاب!\"\n- **فرعون** (لم يتأثر)\n- \"إذا هم منها يضحكون\" (العذاب لم يجعلهم يتوبون)\n- سبع آيات من العذاب مثل الدخان الذي أصاب قريش.\n- \"يا أيها الساحر!\" → **قلة أدب المشركين**.\n- بعد سبع آيات من العذاب، **لم يتأثروا**.\n\n**تربية الله لنا:**\n- **يريدك أن تفيق عندما تتعرض للعذاب**.\n\n---\n\n### **سورة الجاثية**\n**تُغلق الموضوع**:\n- \"وفضلناهم على العالمين.. بينات من الأمر (شريعة)\"\n- بعد النجاة من فرعون، فضّلناهم كما فضلناكم يا أمة محمد!\n\n**لكن ماذا حدث؟**\n- \"فما اختلفوا …\" مجرد أن خرجوا من تحت عذاب فرعون، اختلفوا.\n- \"ثم جعلناك على شريعة\" (الموضوع كله في نفس السياق).\n- \"هذا بصائر!!\" → هل هناك كلام أوضح من هذا؟\n\n**سبب بعض الانحراف في أمة النبي؟**\n- \"وأضله الله على علم\" (ذكرت في الفرقان أيضًا)\n- **الفرق بينهما؟**\n  - **الجاثية**: بعد الوحي.\n  - **الفرقان**: قبل الوحي.\n- \"فمن يهديه من بعد الله؟\" → من ولي يمكن أن يهديه غير الله؟\n\n**آخر موقف؛ قاعدة الحساب يوم القيامة**\n- \"كل أمة جاثية.. ينطق عليكم بالحق\"\n- **الكتاب الأول**: الوحي (الشريعة، القرآن)\n- **الكتاب الثاني**: كتاب الأعمال المكتوبة.\n\n**حساب يوم القيامة تفصيلي عن كل ما فعلت**:\n- \"كل عمل بمثقال الذر عليه حساب\" → (القارعة: ثقلت وخفّت)\n- **انتبه لعقائدك وأعمالك**، فالحساب تفصيلي.\n\n**ماذا يحدث للأعمال؟**\n- \"نستنسخ ما كنتم تعلمون\"؟!\n- **الدعاء المطلوب**:\n  - \"اللهم إنك عفو تحب العفو\"\n  - **العفو**: المسح، \"يمحو الله ما يشاء ويثبت\"\n  - **أم الكتاب**: صحيفة أعمالك."},
    "25": {"title": "اليوم الخامس والعشرون", "content": "الأحقاف، محمد، الفتح، الحجرات، ق\n\nسورة الفتح، نزلت العام السادس( عقب حادثة صلح الحديبية( العام السادس) (شهر شوال)\n\nقصة الحديبية، خروج المعتمرين بسلاح المسافر، بروك الناقة في مكانها بأمر الله، سماع قريش بمقدم الرسول، إرسال مناوشات، النبي لا يريد قتالًا، إرسال عثمان إلى مكة توضيحًا لغرض الزيارة، إشاعة مقتله، البيعة على عدم الفرار، امتثال الصحابة،\nتكرار هذا الموقف // غزوة بدر\nيبايعونك تحت الشجرة.. فتحًا قريبًا\nقريش تفاوض الرسول بإرسال الرسل( سهيل بن عمرو)\nنسبة إلى ماء الحديبية\n\nكثرة التطورات مع الصحابة والاضطرابات، ذكر الله مصطلح يعالج هذه الاضطرابات؛ السكينة( جند من جند الله)\nكم مرة ذكرت السكينة؟ ست مرات\nكم مرة في الفتح؟ ٣ مرات من ال٦ في الفتح قوامها ربعين، لابد من التوقف مع هذا الجند\n١ في البقرة\n٢ في التوبة\n٣ في الفتح\nأهمية معنى السكينة في حياتنا المعاصرة، كثرة الاضطرابات والأخبار والهزائم والانتصارات\n\nالسكينة، وهب وليست كسب\nالسكينة؛ هي ضد الحركة والاضطراب// هي الثبوت بعد الحركة والاضطراب\n\nتسمية السكينة (التي تذبح) يسكن العجل بعد اضطراب\n\nمثال مع ما يحدث مع أهل غزة الكرام (سكينة)\n\nالفتح: صلح الحديبية // قول آخر: فتح مكة\nذكر السكينة في الفتح؛\n١- هو الذي(هو لما تذكر تفيد الاختصاص) أنزل السكينة في قلوب.. جنود السماوات… عليمًا حكيما، يعلم من يحتاج السكينة، السكينة جند من جند الله\n٢- رضي الله عن المؤمنين.. فأنزل السكينة\n٣- جعل الذين كفروا في قلوبهم الحمية… فانزل الله سكينته على رسوله..\n(مقارنة بين موقفين)\nمين جعل؟ الكافرين، هما بيسخنوا بعض\nالمقابل\nسكينة( مش وقته تقابل الحمية بحمية مقابلة(موقف عمر ألسنا على الحق))\n(لو فيه حمية قصاد حمية يحصل هرج)\n\nمش دايما الحمية، أحيانًا التريث والسكينة\nكم من حكم في عدم دخول المسلمين لمكة مقاتلين\n(كان فيه مؤمنين يخفون إيمانهم) فتصيبكم معرة منهم بغير علم\n\nسورة الفتح تتكلم عن قصة الحديبية\nمكافأة الطاعة\n(ألزمهم كلمة التقوى) كلمة الله ورسوله.. الانضباط لكلمة الله ورسوله\n\nمين يحدد وقت التحرك ووقت السكون؟ محتاج توفيق من الله، عبادة وقرب من الله\n(كانوا أهلها) تكون من أهل التقوى\n\nمكافأة\nتخلف الأعراب (تقاتلونهم أو يفسدون)\nقوم أولي بأس شديد (هوازن وغطفان)\nمغانم كثيرة(خيبر.. محرم سنة ٧)\nثم حنين\n\nوعدكم الله مغانم،.. وأخرى لم تقدروا عليها(الروم وفارس)\n\nعجل لكم(خيبر) العرب لا يقدون على الروم وفارس؛ الله يبشرهم بها\n\nكف أيدي الناس (في مكة)\n\nكل ده ببركة طاعة رسول الله وأوامره\n\nالدرس؛ الواحد يسير مع طاعة الله ورسوله، يعرف منين، السير خلف أهل العلم الثابتين، مش أي حد حمية تحركه، تسمع واحد واثنين ..\n\nعمر بن الخطاب؛ اعترض على قتال أهل الردة\nوأبو بكر لأقتلنهم\n\nشرح الله صدر عمر لأمر أبي بكر\n\nإذا، كل ما تقرب من الله كل ما تكون موفق في أمرك أكثر"},
    "26": {"title": "اليوم السادس والعشرون", "content": "سور؛ ق، الذاريات، الطور، النجم، القمر، الرحمن، الواقعة، الحديد\n\nأول المفصل، سورة ق\nلكثرة الفواصل بين سوره، مبنى السور قليل\nفصلت أمور من أمور الآخرة لم تفصل إلا هنا\nتبدأ التربية التفصيلية، تربية مركزة، من سورة ق إلى الناس\n\nسورة الرحمن\nالقرآن يرجعك للماضي، وتراجع الحاضر وتروح للمستقبل\nفريق في الجنة وفريق في السعير، الكلام لك أنت مش ناس تانيين\n\nالشطر الأول، نعم الله على الإنس والجن\nعيش مع الحركة في المشهد التالي؛\nكل يوم هو في شأن\nالملائكة تسأل الله من هيبته وعظمته\nومن في الأرض يسألون رزقهم\n\nشأن؛ يعز ويذل ويعطي ويمنع و…\nآخر أيه عن الدنيا\n\nثم الإخرة\nسنفرغ لكم،،، كأنه يقول، هفضالك\n\nيا معشر الجن والإنس… إلا بسلطان\nعندما يقف الناس بين يدي الله، يفكر المجرمون في الفرار\nيقول لهم الله( إن اسطعتم أن تنفذوا… ) أي مكان تحت سلطان الله\n\nولو هربت؟!\nيرسل عليكما شواظ( نار لا دخان لها) (نحاس دخان لا نار له)\n\nبداية مشهد القيامة\nوردة كالدهان( من هول الموقف كثرة الألوان)\nمشاهد القيامة تتنوع\n\nلا يسأل عن ذنب.. الناس لا يسألون عن هوياتهم ولا عن أعمالهم\nأنت معروف عند الملائكة وعند الله،\n\nيعرف المجرمون بسيماهم(يوم تبيض وجوه وتسود وجوه)\n\nالنواصي والأقدام\n\nالملائكة تأخذ المجرمون من رقابهم وأقدامهم ويلقونهم في النار\n\nوبين حميم آن، يشرب يسيح يعود لجنهم\n\nمقام ربه( ذكر ٣ مرات - إبراهيم (مقامي وخاف وعيد؛ النازعات؛ الرحمن)\nمقام الله هو القيام بين يدي الله\n\nربنا رتب كل النعيم على الأشخاص اللي عاملين حساب الوقفة دي (بين يدي الله)\n(ما منكم من أحد إلا سيكلمه ربه ليس بينه وبينه ترجمان)\n\nحسابنا مش حساب جماعي، (إلا في السبعين ألف الذين يدخلون الجنة بغير حساب)\n\nاعمل حساب الوقفة دي، مفيش مفر منها\n\nو اللي يخاف؟\n\nله جنتان( الجنة (تجن = تستر ) من بداخلها (ليك خصوصية)\n\nجنتان عن يمين وشمال( كل واحد من اهل سبأ له جنتان) قمة الرفعة في الدنيا والأعلى في الآخرة\n\nأفنان( أغصان وألوان متنوعة)\n\nبطائنها من إستبرق،\nدي البواطن\nوالظواهر من أشياء لا توصف\n\nلم يطمثهن، بكر عشانك أنت وحدك\n\nفيهن( إما في الجنتين بتوعك) أو (في الفرش)\n\nهل جزاء الإحسان إلا الإحسان\n\nوأدنى منهما جنتان\n\nالجنتان الأوليين (السابقين)\nالجنتان الأخريين\n\nخيرات حسان( حسان في هيئاتهن— عربًا أترابًا) حور عين تحبك\nعربًا؛ محبة دلع غنج\n\nمصيرنا محتاج مننا نذاكره ونتربى عليه\n\nالتربية على خوف الوقوف بين يدي الله\nعيش ده على أنه واقع لا مفر منه\n\nسورة الحديد\nمجموعة من أسماء الله وصفاته\nموضوع النفقة\n\nالتربية على النفقة"},
    "27": {"title": "اليوم السابع والعشرون", "content": "شهر النجاة"},
    "28": {"title": "اليوم الثامن والعشرون", "content": "شهر القبول"},
    "29": {"title": "اليوم التاسع والعشرون", "content": "شهر المغفرة"},
    "30": {"title": "اليوم الثلاثون", "content": "شهر العيد"}
  }
}